Model,Corruption,Accuracy,Precision,Recall,F1 Score
R3D-18,none,96.33333333333334,93.71069182389937,99.33333333333331,96.4401294498382
R3D-18,gaussian,96.33333333333334,93.16770186335404,100.0,96.46302250803859
R3D-18,motion,95.0,91.41104294478528,99.33333333333331,95.2076677316294
R3D-18,brightness,97.0,96.68874172185433,97.33333333333334,97.00996677740864
R3D-18,gaussian_blur,96.66666666666669,94.30379746835445,99.33333333333331,96.75324675324676
R3D-18,mixed,96.0,94.23076923076924,98.0,96.07843137254902
R(2+1)D-18,none,97.0,96.07843137254902,98.0,97.02970297029704
R(2+1)D-18,gaussian,95.66666666666667,93.08176100628933,98.66666666666669,95.79288025889969
R(2+1)D-18,motion,97.0,96.68874172185433,97.33333333333334,97.00996677740864
R(2+1)D-18,brightness,97.66666666666669,97.98657718120806,97.33333333333334,97.65886287625418
R(2+1)D-18,gaussian_blur,97.66666666666669,97.35099337748345,98.0,97.67441860465115
R(2+1)D-18,mixed,96.33333333333334,94.83870967741936,98.0,96.39344262295081
MC3-18,none,97.0,94.33962264150944,100.0,97.0873786407767
MC3-18,gaussian,95.33333333333334,93.0379746835443,98.0,95.45454545454545
MC3-18,motion,98.33333333333331,96.7741935483871,100.0,98.36065573770492
MC3-18,brightness,98.66666666666669,97.40259740259741,100.0,98.6842105263158
MC3-18,gaussian_blur,96.33333333333334,93.16770186335404,100.0,96.46302250803859
MC3-18,mixed,98.33333333333331,96.7741935483871,100.0,98.36065573770492
S3D,none,92.0,86.20689655172413,100.0,92.59259259259261
S3D,gaussian,93.33333333333333,89.1566265060241,98.66666666666669,93.67088607594935
S3D,motion,93.33333333333333,88.69047619047619,99.33333333333331,93.71069182389937
S3D,brightness,90.33333333333331,83.79888268156425,100.0,91.18541033434651
S3D,gaussian_blur,91.66666666666666,85.71428571428571,100.0,92.30769230769232
S3D,mixed,93.33333333333333,89.1566265060241,98.66666666666669,93.67088607594935
