model,corruption,accuracy,precision,recall,f1_score
r3d18,none,0.9633333333333334,0.9371069182389937,0.9933333333333333,0.9644012944983819
r3d18,gaussian,0.9633333333333334,0.9316770186335404,1.0,0.9646302250803859
r3d18,motion,0.95,0.9141104294478528,0.9933333333333333,0.952076677316294
r3d18,brightness,0.97,0.9668874172185431,0.9733333333333334,0.9700996677740864
r3d18,gaussian_blur,0.9666666666666667,0.9430379746835443,0.9933333333333333,0.9675324675324676
r3d18,mixed,0.96,0.9423076923076923,0.98,0.9607843137254902
r2plus1d18,none,0.97,0.9607843137254902,0.98,0.9702970297029703
r2plus1d18,gaussian,0.9566666666666667,0.9308176100628931,0.9866666666666667,0.9579288025889967
r2plus1d18,motion,0.97,0.9668874172185431,0.9733333333333334,0.9700996677740864
r2plus1d18,brightness,0.9766666666666667,0.9798657718120806,0.9733333333333334,0.9765886287625418
r2plus1d18,gaussian_blur,0.9766666666666667,0.9735099337748344,0.98,0.9767441860465116
r2plus1d18,mixed,0.9633333333333334,0.9483870967741935,0.98,0.9639344262295082
mc3_18,none,0.97,0.9433962264150944,1.0,0.970873786407767
mc3_18,gaussian,0.9533333333333334,0.930379746835443,0.98,0.9545454545454546
mc3_18,motion,0.9833333333333333,0.967741935483871,1.0,0.9836065573770492
mc3_18,brightness,0.9866666666666667,0.974025974025974,1.0,0.9868421052631579
mc3_18,gaussian_blur,0.9633333333333334,0.9316770186335404,1.0,0.9646302250803859
mc3_18,mixed,0.9833333333333333,0.967741935483871,1.0,0.9836065573770492
s3d,none,0.92,0.8620689655172413,1.0,0.9259259259259259
s3d,gaussian,0.9333333333333333,0.891566265060241,0.9866666666666667,0.9367088607594937
s3d,motion,0.9333333333333333,0.8869047619047619,0.9933333333333333,0.9371069182389937
s3d,brightness,0.9033333333333333,0.8379888268156425,1.0,0.9118541033434651
s3d,gaussian_blur,0.9166666666666666,0.8571428571428571,1.0,0.9230769230769231
s3d,mixed,0.9333333333333333,0.891566265060241,0.9866666666666667,0.9367088607594937
